Olivia;Smith
Sophia;Johnson
Ava;Williams
Isabella;Jones
Mia;Brown
Abigail;Davis
Emily;Miller
Charlotte;Wilson
Harper;Moore
Madison;Taylor
Amelia;Anderson
Elizabeth;Thomas
Sofia;Jackson
Evelyn;White
Avery;Harris
Chloe;Martin
Ella;Thompson
Grace;Garcia
Victoria;Martinez
Aubrey;Robinson
Scarlett;Clark
Zoey;Rodriguez
Addison;Lewis
Lily;Lee
Lillian;Walker
Natalie;Hall
Hannah;Allen
Aria;Young
Layla;Hernandez
Brooklyn;King
Alexa;Wright
Zoe;Lopez
Penelope;Hill
Riley;Scott
Leah;Green
Audrey;Adams
Savannah;Baker
Allison;Gonzalez
Samantha;Nelson
Nora;Carter
Skylar;Mitchell
Camila;Perez
Anna;Roberts
Paisley;Turner
Ariana;Phillips
Ellie;Campbell
Aaliyah;Parker
Claire;Evans
Violet;Edwards
Stella;Collins
Sadie;Stewart
Mila;Sanchez
Gabriella;Morris
Lucy;Rogers
Arianna;Reed
Kennedy;Cook
Sarah;Morgan
Madelyn;Bell
Eleanor;Murphy
Kaylee;Bailey
Caroline;Rivera
Hazel;Cooper
Hailey;Richardson
Genesis;Cox
Kylie;Howard
Autumn;Ward
Piper;Torres
Maya;Peterson
Nevaeh;Gray
Serenity;Ramirez
Peyton;James
Mackenzie;Watson
Bella;Brooks
Eva;Kelly
Taylor;Sanders
Naomi;Price
Aubree;Bennett
Aurora;Wood
Melanie;Barnes
Lydia;Ross
Brianna;Henderson
Ruby;Coleman
Katherine;Jenkins
Ashley;Perry
Alexis;Powell
Alice;Long
Cora;Patterson
Julia;Hughes
Madeline;Flores
Faith;Washington
Annabelle;Butler
Alyssa;Simmons
Isabelle;Foster
Vivian;Gonzales
Gianna;Bryant
Quinn;Alexander
Clara;Russell
Reagan;Griffin
Khloe;Diaz
Alexandra;Hayes
Hadley;Myers
Eliana;Ford
Sophie;Hamilton
London;Graham
Elena;Sullivan
Kimberly;Wallace
Bailey;Woods
Maria;Cole
Luna;West
Willow;Jordan
Jasmine;Owens
Kinsley;Reynolds
Valentina;Fisher
Kayla;Ellis
Delilah;Harrison
Andrea;Gibson
Natalia;Mcdonald
Lauren;Cruz
Morgan;Marshall
Rylee;Ortiz
Sydney;Gomez
Adalynn;Murray
Mary;Freeman
Ximena;Wells
Jade;Webb
Liliana;Simpson
Brielle;Stevens
Ivy;Tucker
Trinity;Porter
Josephine;Hunter
Adalyn;Hicks
Jocelyn;Crawford
Emery;Henry
Adeline;Boyd
Jordyn;Mason
Ariel;Morales
Everly;Kennedy
Lilly;Warren
Paige;Dixon
Isla;Ramos
Lyla;Reyes
Makayla;Burns
Molly;Gordon
Emilia;Shaw
Mya;Holmes
Kendall;Rice
Melody;Robertson
Isabel;Hunt
Brooke;Black
Mckenzie;Daniels
